CREATE DATABASE darazsystem;

USE darazsystem;

CREATE TABLE Users (
    UserID INT PRIMARY KEY,
    FirstName VARCHAR(50),
    LastName VARCHAR(50),
    Email VARCHAR(100),
    Address VARCHAR(255),
    Contact VARCHAR(15),
    Role VARCHAR(50),
    Password VARCHAR(100)
);

CREATE TABLE AdminLogs (
    LogID INT PRIMARY KEY,
    UserID INT,
    ActionPerformed VARCHAR(255),
    ActionDate DATE,
    FOREIGN KEY (UserID) REFERENCES Users(UserID)
);

CREATE TABLE Orders (
    OrderID INT PRIMARY KEY,
    UserID INT,
    OrderDate DATE,
    Status VARCHAR(50),
    TotalAmount DECIMAL(10, 2),
    FOREIGN KEY (UserID) REFERENCES Users(UserID)
);

CREATE TABLE Shipment (
    ShipmentID INT PRIMARY KEY,
    OrderID INT,
    ShippingProvider VARCHAR(100),
    ShipmentDate DATE,
    DeliveryDate DATE,
    TrackingNumber VARCHAR(100),
    FOREIGN KEY (OrderID) REFERENCES Orders(OrderID)
);

CREATE TABLE Payments (
    PaymentID INT PRIMARY KEY,
    OrderID INT,
    PaymentMethod VARCHAR(50),
    PaymentStatus VARCHAR(50),
    FOREIGN KEY (OrderID) REFERENCES Orders(OrderID)
);

CREATE TABLE Categories (
    CategoryID INT PRIMARY KEY,
    ParentCategoryID INT,
    CategoryName VARCHAR(100),
    FOREIGN KEY (ParentCategoryID) REFERENCES Categories(CategoryID)
);

CREATE TABLE Sellers (
    SellerID INT PRIMARY KEY,
    Name VARCHAR(100),
    Description TEXT,
    ContactInfo VARCHAR(255)
);

CREATE TABLE Products (
    ProductID INT PRIMARY KEY,
    Name VARCHAR(100),
    Description TEXT,
    Price DECIMAL(10, 2),
    Stock INT,
    CategoryID INT,
    SellerID INT,
    FOREIGN KEY (CategoryID) REFERENCES Categories(CategoryID),
    FOREIGN KEY (SellerID) REFERENCES Sellers(SellerID)
);

CREATE TABLE OrderItems (
    OrderItemID INT PRIMARY KEY,
    OrderID INT,
    ProductID INT,
    Quantity INT,
    PriceAtPurchase DECIMAL(10, 2),
    FOREIGN KEY (OrderID) REFERENCES Orders(OrderID),
    FOREIGN KEY (ProductID) REFERENCES Products(ProductID)
);

CREATE TABLE Cart (
    CartID INT PRIMARY KEY,
    UserID INT,
    FOREIGN KEY (UserID) REFERENCES Users(UserID)
);

CREATE TABLE Reviews (
    ReviewID INT PRIMARY KEY,
    UserID INT,
    ProductID INT,
    ReviewText TEXT,
    Rating INT,
    FOREIGN KEY (UserID) REFERENCES Users(UserID),
    FOREIGN KEY (ProductID) REFERENCES Products(ProductID)
);

CREATE TABLE CartItems (
    CartItemID INT PRIMARY KEY,
    CartID INT,
    ProductID INT,
    Quantity INT,
    FOREIGN KEY (CartID) REFERENCES Cart(CartID),
    FOREIGN KEY (ProductID) REFERENCES Products(ProductID)
);

CREATE TABLE WishLists (
    WishListID INT PRIMARY KEY,
    UserID INT,
    FOREIGN KEY (UserID) REFERENCES Users(UserID)
);

CREATE TABLE WishListItems (
    WishListItemsID INT PRIMARY KEY,
    WishListID INT,
    ProductID INT,
    FOREIGN KEY (WishListID) REFERENCES WishLists(WishListID),
    FOREIGN KEY (ProductID) REFERENCES Products(ProductID)
);




INSERT INTO Users (UserID, FirstName, LastName, Email, Address, Contact, Role, Password)
VALUES
(1, 'John', 'Doe', 'john.doe@example.com', '123 Main St', '1234567890', 'Customer', 'password123'),
(2, 'Jane', 'Smith', 'jane.smith@example.com', '456 Elm St', '0987654321', 'Seller', 'securepassword'),
(3, 'Admin', 'User', 'admin@example.com', '789 Oak St', '1122334455', 'Admin', 'adminpass'),
(4, 'Alice', 'Brown', 'alice.brown@example.com', '321 Maple Ave', '6677889900', 'Customer', 'alicepass'),
(5, 'Bob', 'Green', 'bob.green@example.com', '654 Pine St', '5544332211', 'Seller', 'bobpass'),
(6, 'Charlie', 'Taylor', 'charlie.taylor@example.com', '987 Walnut St', '1231231234', 'Customer', 'charlie123'),
(7, 'Diana', 'Lopez', 'diana.lopez@example.com', '101 Birch Ln', '3213214321', 'Seller', 'diana456'),
(8, 'Eve', 'Johnson', 'eve.johnson@example.com', '202 Cypress St', '4567891230', 'Admin', 'evepass'),
(9, 'Frank', 'Wright', 'frank.wright@example.com', '303 Dogwood Ave', '5678902341', 'Customer', 'frank123'),
(10, 'Grace', 'Lee', 'grace.lee@example.com', '404 Cedar Blvd', '6789013452', 'Seller', 'grace789'),
(11, 'Henry', 'Brown', 'henry.brown@example.com', '505 Fir Ln', '7890124563', 'Customer', 'henrypass'),
(12, 'Ivy', 'Walker', 'ivy.walker@example.com', '606 Spruce Ave', '8901235674', 'Seller', 'ivysecure'),
(13, 'Jack', 'Evans', 'jack.evans@example.com', '707 Ash Blvd', '9012346785', 'Admin', 'jackpass'),
(14, 'Karen', 'Roberts', 'karen.roberts@example.com', '808 Cherry St', '1123457896', 'Customer', 'karen123'),
(15, 'Leo', 'Adams', 'leo.adams@example.com', '909 Willow Ln', '2234568907', 'Seller', 'leo456'),
(16, 'Mia', 'Martinez', 'mia.martinez@example.com', '111 Birch St', '3345679018', 'Admin', 'miaadmin'),
(17, 'Nathan', 'Perez', 'nathan.perez@example.com', '222 Oak Ave', '4456780129', 'Customer', 'nathan123'),
(18, 'Olivia', 'Clark', 'olivia.clark@example.com', '333 Pine Blvd', '5567891230', 'Seller', 'oliviapass'),
(19, 'Paul', 'Hill', 'paul.hill@example.com', '444 Maple Ln', '6678902341', 'Customer', 'paul456'),
(20, 'Quinn', 'Young', 'quinn.young@example.com', '555 Dogwood St', '7789013452', 'Seller', 'quinn789'),
(21, 'Rachel', 'King', 'rachel.king@example.com', '666 Cypress Ave', '8890124563', 'Customer', 'rachelpass'),
(22, 'Sam', 'Carter', 'sam.carter@example.com', '777 Walnut Ln', '9901235674', 'Seller', 'samsecure'),
(23, 'Tina', 'Bell', 'tina.bell@example.com', '888 Elm Blvd', '1012346785', 'Admin', 'tinapass'),
(24, 'Uma', 'Scott', 'uma.scott@example.com', '999 Cedar Ave', '2123457896', 'Customer', 'uma123'),
(25, 'Victor', 'Ward', 'victor.ward@example.com', '111 Birch St', '3234568907', 'Seller', 'victor456'),
(26, 'Wendy', 'Collins', 'wendy.collins@example.com', '222 Fir Ln', '4345679018', 'Admin', 'wendyadmin'),
(27, 'Xavier', 'Turner', 'xavier.turner@example.com', '333 Ash St', '5456780129', 'Customer', 'xavier123'),
(28, 'Yara', 'Price', 'yara.price@example.com', '444 Willow Blvd', '6567891230', 'Seller', 'yarapass'),
(29, 'Zane', 'Morgan', 'zane.morgan@example.com', '555 Cherry Ln', '7678902341', 'Customer', 'zane456'),
(30, 'Amy', 'Sanchez', 'amy.sanchez@example.com', '666 Oak St', '8789013452', 'Seller', 'amy789'),
(31, 'Ben', 'Ramirez', 'ben.ramirez@example.com', '777 Maple Ave', '9890124563', 'Customer', 'benpass'),
(32, 'Chloe', 'Patel', 'chloe.patel@example.com', '888 Cypress Blvd', '1001235674', 'Seller', 'chloesecure'),
(33, 'Dan', 'Ali', 'dan.ali@example.com', '999 Pine Ln', '2112346785', 'Admin', 'danpass'),
(34, 'Ella', 'Nguyen', 'ella.nguyen@example.com', '111 Spruce St', '3223457896', 'Customer', 'ella123'),
(35, 'Finn', 'White', 'finn.white@example.com', '222 Cedar Blvd', '4334568907', 'Seller', 'finn456'),
(36, 'Gina', 'Harris', 'gina.harris@example.com', '333 Dogwood Ln', '5445679018', 'Admin', 'ginaadmin'),
(37, 'Hank', 'Ross', 'hank.ross@example.com', '444 Walnut St', '6556780129', 'Customer', 'hank123'),
(38, 'Isla', 'James', 'isla.james@example.com', '555 Birch Ave', '7667891230', 'Seller', 'isla789'),
(39, 'Jake', 'Garcia', 'jake.garcia@example.com', '666 Elm Ln', '8778902341', 'Customer', 'jakepass'),
(40, 'Kelly', 'Hughes', 'kelly.hughes@example.com', '777 Cherry Blvd', '9889013452', 'Seller', 'kellysecure'),
(41, 'Liam', 'Mills', 'liam.mills@example.com', '888 Ash St', '1000123453', 'Admin', 'liampass'),
(42, 'Megan', 'Reed', 'megan.reed@example.com', '999 Willow Ln', '2001234564', 'Customer', 'megan123'),
(43, 'Nina', 'Cole', 'nina.cole@example.com', '111 Fir Blvd', '3002345675', 'Seller', 'nina456'),
(44, 'Oscar', 'Hall', 'oscar.hall@example.com', '222 Oak St', '4003456786', 'Admin', 'oscaradmin'),
(45, 'Penny', 'Baker', 'penny.baker@example.com', '333 Spruce Ln', '5004567897', 'Customer', 'penny123'),
(46, 'Riley', 'Parker', 'riley.parker@example.com', '444 Dogwood St', '6005678908', 'Seller', 'riley456'),
(47, 'Sophia', 'Adler', 'sophia.adler@example.com', '555 Maple Blvd', '7006789019', 'Admin', 'sophiaadmin'),
(48, 'Tom', 'Foster', 'tom.foster@example.com', '666 Pine Ln', '8007890120', 'Customer', 'tom123'),
(49, 'Uma', 'Knight', 'uma.knight@example.com', '777 Elm St', '9008901231', 'Seller', 'umasecure'),
(50, 'Vera', 'Stevens', 'vera.stevens@example.com', '888 Cherry Ave', '1000912342', 'Admin', 'verapass');


INSERT INTO AdminLogs (LogID, UserID, ActionPerformed, ActionDate)
VALUES
(1, 3, 'Login', '2024-01-01 10:00:00'),
(2, 3, 'Update Record', '2024-01-01 11:00:00'),
(3, 3, 'Delete Record', '2024-01-02 09:30:00'),
(4, 3, 'Login', '2024-01-02 10:15:00'),
(5, 3, 'Create Record', '2024-01-03 08:45:00'),
(6, 3, 'Login', '2024-01-04 12:00:00'),
(7, 3, 'Update Record', '2024-01-04 13:30:00'),
(8, 3, 'Delete Record', '2024-01-05 09:15:00'),
(9, 3, 'Login', '2024-01-05 10:45:00'),
(10, 3, 'Create Record', '2024-01-06 08:00:00'),
(11, 13, 'Login', '2024-01-06 11:30:00'),
(12, 13, 'Update Record', '2024-01-07 09:45:00'),
(13, 13, 'Delete Record', '2024-01-08 10:15:00'),
(14, 13, 'Login', '2024-01-08 11:00:00'),
(15, 13, 'Create Record', '2024-01-09 08:30:00'),
(16, 13, 'Login', '2024-01-10 12:15:00'),
(17, 13, 'Update Record', '2024-01-10 13:45:00'),
(18, 13, 'Delete Record', '2024-01-11 10:30:00'),
(19, 13, 'Login', '2024-01-11 11:45:00'),
(20, 13, 'Create Record', '2024-01-12 09:00:00'),
(21, 26, 'Login', '2024-01-13 10:15:00'),
(22, 26, 'Update Record', '2024-01-14 08:45:00'),
(23, 26, 'Delete Record', '2024-01-14 09:30:00'),
(24, 26, 'Login', '2024-01-15 11:15:00'),
(25, 26, 'Create Record', '2024-01-16 12:00:00'),
(26, 26, 'Login', '2024-01-17 08:15:00'),
(27, 26, 'Update Record', '2024-01-18 09:45:00'),
(28, 26, 'Delete Record', '2024-01-19 10:15:00'),
(29, 26, 'Login', '2024-01-20 11:30:00'),
(30, 26, 'Create Record', '2024-01-21 08:45:00'),
(31, 36, 'Login', '2024-01-22 09:00:00'),
(32, 36, 'Update Record', '2024-01-23 10:30:00'),
(33, 36, 'Delete Record', '2024-01-24 11:15:00'),
(34, 36, 'Login', '2024-01-25 12:00:00'),
(35, 36, 'Create Record', '2024-01-26 08:15:00'),
(36, 36, 'Login', '2024-01-27 09:45:00'),
(37, 36, 'Update Record', '2024-01-28 10:15:00'),
(38, 36, 'Delete Record', '2024-01-29 11:30:00'),
(39, 36, 'Login', '2024-01-30 12:45:00'),
(40, 36, 'Create Record', '2024-01-31 09:00:00'),
(41, 47, 'Login', '2024-02-01 10:15:00'),
(42, 47, 'Update Record', '2024-02-02 08:45:00'),
(43, 47, 'Delete Record', '2024-02-03 09:30:00'),
(44, 47, 'Login', '2024-02-04 11:15:00'),
(45, 47, 'Create Record', '2024-02-05 12:00:00'),
(46, 47, 'Login', '2024-02-06 08:15:00'),
(47, 47, 'Update Record', '2024-02-07 09:45:00'),
(48, 47, 'Delete Record', '2024-02-08 10:15:00'),
(49, 47, 'Login', '2024-02-09 11:30:00'),
(50, 47, 'Create Record', '2024-02-10 08:45:00');


INSERT INTO Orders (OrderID, UserID, OrderDate, Status, TotalAmount)
VALUES
(1, 1, '2024-01-01 10:15:00', 'Pending', 150.00),
(2, 2, '2024-01-02 11:30:00', 'Completed', 200.00),
(3, 4, '2024-01-03 09:45:00', 'Cancelled', 300.50),
(4, 5, '2024-01-04 12:00:00', 'Pending', 100.00),
(5, 6, '2024-01-05 10:30:00', 'Completed', 250.75),
(6, 7, '2024-01-06 14:15:00', 'Pending', 500.00),
(7, 8, '2024-01-07 15:00:00', 'Cancelled', 120.25),
(8, 9, '2024-01-08 11:45:00', 'Completed', 310.00),
(9, 10, '2024-01-09 16:30:00', 'Pending', 220.00),
(10, 11, '2024-01-10 09:00:00', 'Completed', 400.00),
(11, 12, '2024-01-11 08:30:00', 'Cancelled', 90.00),
(12, 13, '2024-01-12 10:15:00', 'Pending', 150.50),
(13, 14, '2024-01-13 11:45:00', 'Completed', 600.00),
(14, 15, '2024-01-14 13:30:00', 'Pending', 80.00),
(15, 16, '2024-01-15 14:00:00', 'Cancelled', 70.00),
(16, 17, '2024-01-16 10:45:00', 'Pending', 110.00),
(17, 18, '2024-01-17 12:15:00', 'Completed', 50.00),
(18, 19, '2024-01-18 13:00:00', 'Pending', 90.00),
(19, 20, '2024-01-19 09:30:00', 'Completed', 140.00),
(20, 21, '2024-01-20 10:15:00', 'Pending', 60.00),
(21, 22, '2024-01-21 11:45:00', 'Completed', 175.00),
(22, 23, '2024-01-22 15:00:00', 'Pending', 99.99),
(23, 24, '2024-01-23 10:30:00', 'Cancelled', 45.50),
(24, 25, '2024-01-24 09:00:00', 'Completed', 510.00),
(25, 26, '2024-01-25 14:15:00', 'Pending', 300.00),
(26, 27, '2024-01-26 13:45:00', 'Completed', 100.00),
(27, 28, '2024-01-27 12:30:00', 'Pending', 200.50),
(28, 29, '2024-01-28 11:15:00', 'Cancelled', 80.75),
(29, 30, '2024-01-29 10:45:00', 'Completed', 140.00),
(30, 31, '2024-01-30 09:30:00', 'Pending', 99.00),
(31, 32, '2024-01-31 08:15:00', 'Cancelled', 75.50),
(32, 33, '2024-02-01 10:00:00', 'Completed', 400.00),
(33, 34, '2024-02-02 11:30:00', 'Pending', 150.75),
(34, 35, '2024-02-03 13:15:00', 'Cancelled', 320.00),
(35, 36, '2024-02-04 12:45:00', 'Completed', 60.25),
(36, 37, '2024-02-05 09:15:00', 'Pending', 70.00),
(37, 38, '2024-02-06 14:00:00', 'Completed', 150.00),
(38, 39, '2024-02-07 10:30:00', 'Cancelled', 90.75),
(39, 40, '2024-02-08 15:15:00', 'Pending', 40.00),
(40, 41, '2024-02-09 09:45:00', 'Completed', 300.50),
(41, 42, '2024-02-10 11:15:00', 'Cancelled', 120.00),
(42, 43, '2024-02-11 10:30:00', 'Completed', 200.75),
(43, 44, '2024-02-12 08:45:00', 'Pending', 80.00),
(44, 45, '2024-02-13 12:30:00', 'Completed', 150.00),
(45, 46, '2024-02-14 11:00:00', 'Cancelled', 60.50),
(46, 47, '2024-02-15 13:45:00', 'Completed', 100.00),
(47, 48, '2024-02-16 14:15:00', 'Pending', 250.00),
(48, 49, '2024-02-17 10:45:00', 'Completed', 450.00),
(49, 50, '2024-02-18 09:30:00', 'Cancelled', 120.00),
(50, 1, '2024-02-19 11:15:00', 'Completed', 220.00);


INSERT INTO Shipment (ShipmentID, OrderID, ShippingProvider, ShipmentDate, DeliveryDate, TrackingNumber)
VALUES
(1, 1, 'FedEx', '2024-01-02', '2024-01-05', 'FDX123456789'),
(2, 2, 'UPS', '2024-01-03', '2024-01-07', 'UPS987654321'),
(3, 3, 'DHL', '2024-01-04', '2024-01-08', 'DHL112233445'),
(4, 4, 'USPS', '2024-01-05', '2024-01-10', 'USPS556677889'),
(5, 5, 'FedEx', '2024-01-06', '2024-01-11', 'FDX334455667'),
(6, 6, 'UPS', '2024-01-07', '2024-01-13', 'UPS223344556'),
(7, 7, 'DHL', '2024-01-08', '2024-01-14', 'DHL778899001'),
(8, 8, 'USPS', '2024-01-09', '2024-01-15', 'USPS009988776'),
(9, 9, 'FedEx', '2024-01-10', '2024-01-17', 'FDX665544332'),
(10, 10, 'UPS', '2024-01-11', '2024-01-18', 'UPS554433221'),
(11, 11, 'DHL', '2024-01-12', '2024-01-19', 'DHL443322110'),
(12, 12, 'USPS', '2024-01-13', '2024-01-20', 'USPS778899665'),
(13, 13, 'FedEx', '2024-01-14', '2024-01-21', 'FDX998877665'),
(14, 14, 'UPS', '2024-01-15', '2024-01-22', 'UPS123123123'),
(15, 15, 'DHL', '2024-01-16', '2024-01-23', 'DHL321321321'),
(16, 16, 'USPS', '2024-01-17', '2024-01-24', 'USPS456456456'),
(17, 17, 'FedEx', '2024-01-18', '2024-01-25', 'FDX789789789'),
(18, 18, 'UPS', '2024-01-19', '2024-01-26', 'UPS654654654'),
(19, 19, 'DHL', '2024-01-20', '2024-01-27', 'DHL987987987'),
(20, 20, 'USPS', '2024-01-21', '2024-01-28', 'USPS112112112'),
(21, 21, 'FedEx', '2024-01-22', '2024-01-29', 'FDX223223223'),
(22, 22, 'UPS', '2024-01-23', '2024-01-30', 'UPS334334334'),
(23, 23, 'DHL', '2024-01-24', '2024-02-01', 'DHL445445445'),
(24, 24, 'USPS', '2024-01-25', '2024-02-02', 'USPS556556556'),
(25, 25, 'FedEx', '2024-01-26', '2024-02-03', 'FDX667667667'),
(26, 26, 'UPS', '2024-01-27', '2024-02-04', 'UPS778778778'),
(27, 27, 'DHL', '2024-01-28', '2024-02-05', 'DHL889889889'),
(28, 28, 'USPS', '2024-01-29', '2024-02-06', 'USPS990990990'),
(29, 29, 'FedEx', '2024-01-30', '2024-02-07', 'FDX101101101'),
(30, 30, 'UPS', '2024-01-31', '2024-02-08', 'UPS202202202'),
(31, 31, 'DHL', '2024-02-01', '2024-02-09', 'DHL303303303'),
(32, 32, 'USPS', '2024-02-02', '2024-02-10', 'USPS404404404'),
(33, 33, 'FedEx', '2024-02-03', '2024-02-11', 'FDX505505505'),
(34, 34, 'UPS', '2024-02-04', '2024-02-12', 'UPS606606606'),
(35, 35, 'DHL', '2024-02-05', '2024-02-13', 'DHL707707707'),
(36, 36, 'USPS', '2024-02-06', '2024-02-14', 'USPS808808808'),
(37, 37, 'FedEx', '2024-02-07', '2024-02-15', 'FDX909909909'),
(38, 38, 'UPS', '2024-02-08', '2024-02-16', 'UPS010010010'),
(39, 39, 'DHL', '2024-02-09', '2024-02-17', 'DHL111111111'),
(40, 40, 'USPS', '2024-02-10', '2024-02-18', 'USPS222222222'),
(41, 41, 'FedEx', '2024-02-11', '2024-02-19', 'FDX333333333'),
(42, 42, 'UPS', '2024-02-12', '2024-02-20', 'UPS444444444'),
(43, 43, 'DHL', '2024-02-13', '2024-02-21', 'DHL555555555'),
(44, 44, 'USPS', '2024-02-14', '2024-02-22', 'USPS666666666'),
(45, 45, 'FedEx', '2024-02-15', '2024-02-23', 'FDX777777777'),
(46, 46, 'UPS', '2024-02-16', '2024-02-24', 'UPS888888888'),
(47, 47, 'DHL', '2024-02-17', '2024-02-25', 'DHL999999999'),
(48, 48, 'USPS', '2024-02-18', '2024-02-26', 'USPS000000000'),
(49, 49, 'FedEx', '2024-02-19', '2024-02-27', 'FDX121121121'),
(50, 50, 'UPS', '2024-02-20', '2024-02-28', 'UPS232232232');

INSERT INTO Payments (PaymentID, OrderID, PaymentMethod, PaymentStatus)
VALUES
(1, 1, 'Credit Card', 'Completed'),
(2, 2, 'PayPal', 'Completed'),
(3, 3, 'Debit Card', 'Failed'),
(4, 4, 'Net Banking', 'Completed'),
(5, 5, 'Credit Card', 'Pending'),
(6, 6, 'PayPal', 'Completed'),
(7, 7, 'Debit Card', 'Pending'),
(8, 8, 'Net Banking', 'Completed'),
(9, 9, 'Credit Card', 'Completed'),
(10, 10, 'PayPal', 'Completed'),
(11, 11, 'Debit Card', 'Failed'),
(12, 12, 'Net Banking', 'Completed'),
(13, 13, 'Credit Card', 'Completed'),
(14, 14, 'PayPal', 'Pending'),
(15, 15, 'Debit Card', 'Failed'),
(16, 16, 'Net Banking', 'Completed'),
(17, 17, 'Credit Card', 'Completed'),
(18, 18, 'PayPal', 'Completed'),
(19, 19, 'Debit Card', 'Pending'),
(20, 20, 'Net Banking', 'Failed'),
(21, 21, 'Credit Card', 'Completed'),
(22, 22, 'PayPal', 'Completed'),
(23, 23, 'Debit Card', 'Failed'),
(24, 24, 'Net Banking', 'Completed'),
(25, 25, 'Credit Card', 'Pending'),
(26, 26, 'PayPal', 'Completed'),
(27, 27, 'Debit Card', 'Completed'),
(28, 28, 'Net Banking', 'Failed'),
(29, 29, 'Credit Card', 'Completed'),
(30, 30, 'PayPal', 'Completed'),
(31, 31, 'Debit Card', 'Failed'),
(32, 32, 'Net Banking', 'Completed'),
(33, 33, 'Credit Card', 'Pending'),
(34, 34, 'PayPal', 'Completed'),
(35, 35, 'Debit Card', 'Completed'),
(36, 36, 'Net Banking', 'Failed'),
(37, 37, 'Credit Card', 'Completed'),
(38, 38, 'PayPal', 'Completed'),
(39, 39, 'Debit Card', 'Pending'),
(40, 40, 'Net Banking', 'Failed'),
(41, 41, 'Credit Card', 'Completed'),
(42, 42, 'PayPal', 'Completed'),
(43, 43, 'Debit Card', 'Failed'),
(44, 44, 'Net Banking', 'Completed'),
(45, 45, 'Credit Card', 'Pending'),
(46, 46, 'PayPal', 'Completed'),
(47, 47, 'Debit Card', 'Completed'),
(48, 48, 'Net Banking', 'Failed'),
(49, 49, 'Credit Card', 'Completed'),
(50, 50, 'PayPal', 'Completed');

INSERT INTO Categories (CategoryID, ParentCategoryID, CategoryName)
VALUES
(1, NULL, 'Electronics'),
(2, NULL, 'Fashion'),
(3, NULL, 'Home & Kitchen'),
(4, NULL, 'Sports & Outdoors'),
(5, NULL, 'Books'),
(6, 1, 'Mobile Phones'),
(7, 1, 'Laptops'),
(8, 1, 'Televisions'),
(9, 1, 'Cameras'),
(10, 1, 'Audio Equipment'),
(11, 2, 'Mens Clothing'),
(12, 2, 'Womens Clothing'),
(13, 2, 'Footwear'),
(14, 2, 'Accessories'),
(15, 2, 'Jewelry'),
(16, 3, 'Furniture'),
(17, 3, 'Kitchen Appliances'),
(18, 3, 'Home Decor'),
(19, 3, 'Lighting'),
(20, 3, 'Bedding'),
(21, 4, 'Exercise Equipment'),
(22, 4, 'Outdoor Gear'),
(23, 4, 'Cycling'),
(24, 4, 'Team Sports'),
(25, 4, 'Individual Sports'),
(26, 5, 'Fiction'),
(27, 5, 'Non-Fiction'),
(28, 5, 'Childrens Books'),
(29, 5, 'Educational'),
(30, 5, 'Graphic Novels'),
(31, 6, 'Smartphones'),
(32, 6, 'Feature Phones'),
(33, 7, 'Gaming Laptops'),
(34, 7, 'Ultrabooks'),
(35, 7, '2-in-1 Laptops'),
(36, 8, 'LED TVs'),
(37, 8, 'Smart TVs'),
(38, 8, 'OLED TVs'),
(39, 9, 'DSLR Cameras'),
(40, 9, 'Mirrorless Cameras'),
(41, 10, 'Headphones'),
(42, 10, 'Speakers'),
(43, 11, 'Shirts'),
(44, 11, 'Trousers'),
(45, 12, 'Dresses'),
(46, 12, 'Tops'),
(47, 13, 'Casual Footwear'),
(48, 13, 'Sports Shoes'),
(49, 14, 'Watches'),
(50, 14, 'Bags');

INSERT INTO Sellers (SellerID, Name, Description, ContactInfo)
VALUES
(1, 'TechStore', 'Electronics and gadgets retailer', 'techstore@example.com'),
(2, 'FashionHub', 'Trendy fashion for men and women', 'fashionhub@example.com'),
(3, 'HomeEssentials', 'Furniture and home decor supplier', 'homeessentials@example.com'),
(4, 'BookWorms', 'Online bookstore with a wide selection', 'bookworms@example.com'),
(5, 'SportsGearPro', 'Sports equipment and accessories', 'sportsgearpro@example.com'),
(6, 'GadgetWorld', 'Latest electronic devices', 'gadgetworld@example.com'),
(7, 'ClothingKing', 'Affordable and stylish clothing', 'clothingking@example.com'),
(8, 'KitchenCraze', 'Kitchen appliances and tools', 'kitchencraze@example.com'),
(9, 'NoveltyBooks', 'Specialized in rare and unique books', 'noveltybooks@example.com'),
(10, 'OutdoorAdventures', 'Outdoor and camping gear', 'outdooradventures@example.com'),
(11, 'SmartTech', 'Smart home and IoT devices', 'smarttech@example.com'),
(12, 'ShoeMania', 'Wide range of footwear for all occasions', 'shoemania@example.com'),
(13, 'JewelryTreasures', 'Exquisite jewelry collection', 'jewelrytreasures@example.com'),
(14, 'FitnessFreaks', 'Fitness and exercise equipment', 'fitnessfreaks@example.com'),
(15, 'FurnitureHouse', 'Modern and classic furniture', 'furniturehouse@example.com'),
(16, 'GamingZone', 'Video games and gaming accessories', 'gamingzone@example.com'),
(17, 'LuxuryWatches', 'Premium watches from top brands', 'luxurywatches@example.com'),
(18, 'BabyWorld', 'Products for babies and toddlers', 'babyworld@example.com'),
(19, 'TechTrends', 'Cutting-edge technology retailer', 'techtrends@example.com'),
(20, 'StyleStatement', 'Designer fashion and accessories', 'stylestatement@example.com'),
(21, 'PetLovers', 'Everything for your pets', 'petlovers@example.com'),
(22, 'EcoLiving', 'Eco-friendly products and solutions', 'ecoliving@example.com'),
(23, 'HealthCareMart', 'Health and wellness products', 'healthcaremart@example.com'),
(24, 'AutoAccessories', 'Car accessories and parts', 'autoaccessories@example.com'),
(25, 'MobileMasters', 'Smartphones and mobile accessories', 'mobilemasters@example.com'),
(26, 'BookHeaven', 'Bookstore with bestsellers and classics', 'bookheaven@example.com'),
(27, 'Trendz', 'Fashion for the youth', 'trendz@example.com'),
(28, 'KitchenDreams', 'High-quality kitchenware', 'kitchendreams@example.com'),
(29, 'Artistry', 'Art supplies and craft materials', 'artistry@example.com'),
(30, 'OutdoorWorld', 'Gear for outdoor enthusiasts', 'outdoorworld@example.com'),
(31, 'TechSavvy', 'Smart gadgets and tools', 'techsavvy@example.com'),
(32, 'ShoeHaven', 'Comfortable and stylish shoes', 'shoehaven@example.com'),
(33, 'JewelryCraft', 'Handcrafted jewelry', 'jewelrycraft@example.com'),
(34, 'SportyLife', 'Sportswear and accessories', 'sportylife@example.com'),
(35, 'DecoDreams', 'Home decor and lighting solutions', 'decodreams@example.com'),
(36, 'GameGeek', 'Gaming consoles and accessories', 'gamegeek@example.com'),
(37, 'LuxuryLifestyle', 'Luxury products for modern living', 'luxurylifestyle@example.com'),
(38, 'KidsParadise', 'Toys and educational products for kids', 'kidsparadise@example.com'),
(39, 'FutureTech', 'Innovative technology products', 'futuretech@example.com'),
(40, 'ElegantWear', 'Elegant clothing and accessories', 'elegantwear@example.com'),
(41, 'HealthyLife', 'Organic and health-focused products', 'healthylife@example.com'),
(42, 'AutoWorld', 'Automotive essentials', 'autoworld@example.com'),
(43, 'MobileHub', 'Mobile devices and gadgets', 'mobilehub@example.com'),
(44, 'ReadersChoice', 'Books from various genres', 'readerschoice@example.com'),
(45, 'FashionFiesta', 'Affordable and stylish fashion', 'fashionfiesta@example.com'),
(46, 'KitchenBliss', 'Kitchen and cooking essentials', 'kitchenbliss@example.com'),
(47, 'ArtWorld', 'Artistic and creative supplies', 'artworld@example.com'),
(48, 'AdventureGear', 'Gear for adventures and travels', 'adventuregear@example.com'),
(49, 'TechEmpire', 'Tech gadgets and devices', 'techempire@example.com'),
(50, 'StyleIcon', 'Iconic fashion and designs', 'styleicon@example.com');

INSERT INTO Products (ProductID, Name, Description, Price, Stock, CategoryID, SellerID)
VALUES
(1, 'iPhone 15', 'Latest iPhone model with improved camera and battery life', 999.99, 100, 6, 1),
(2, 'Samsung Galaxy S23', 'High-end smartphone with advanced features', 899.99, 150, 6, 2),
(3, 'Dell XPS 13', 'Premium ultrabook for professionals', 1299.99, 50, 7, 3),
(4, 'Sony 55" 4K TV', 'Smart TV with high-definition resolution and streaming capabilities', 799.99, 200, 8, 4),
(5, 'Canon EOS 90D', 'DSLR camera with excellent autofocus and 4K video', 1199.99, 80, 9, 5),
(6, 'Bose QuietComfort 35 II', 'Noise-canceling over-ear headphones', 349.99, 120, 10, 6),
(7, 'Nike Air Max 270', 'Stylish and comfortable sneakers for all-day wear', 149.99, 250, 13, 7),
(8, 'Adidas UltraBoost', 'High-performance running shoes with great cushioning', 180.00, 200, 13, 8),
(9, 'Ray-Ban Aviator Sunglasses', 'Classic aviator sunglasses for any occasion', 150.00, 100, 14, 9),
(10, 'Fossil Hybrid HR Watch', 'Smartwatch with fitness tracking and long battery life', 199.99, 75, 14, 10),
(11, 'Lenovo ThinkPad X1 Carbon', 'Lightweight laptop for business professionals', 1499.99, 60, 7, 11),
(12, 'KitchenAid Stand Mixer', 'Professional kitchen mixer for baking and cooking', 349.99, 130, 17, 12),
(13, 'Instant Pot Duo 7-in-1', 'Multi-functional pressure cooker and slow cooker', 89.99, 220, 17, 13),
(14, 'Smeg Retro Blender', 'Vintage-style blender with modern features', 129.99, 90, 17, 14),
(15, 'Ninja Foodi Grill', 'Indoor grill and air fryer in one appliance', 229.99, 150, 17, 15),
(16, 'Eureka AirSpeed Vacuum', 'Powerful vacuum cleaner with strong suction', 119.99, 180, 18, 16),
(17, 'Bissell CrossWave', 'Vacuum and mop combination for hard floors and carpets', 229.99, 140, 18, 17),
(18, 'Serta Perfect Sleeper Mattress', 'Comfortable mattress for better sleep', 799.99, 60, 19, 18),
(19, 'Sealy Posturepedic Mattress', 'Supportive mattress with cooling technology', 899.99, 70, 19, 19),
(20, 'Levoit Air Purifier', 'Compact air purifier with HEPA filtration', 99.99, 220, 18, 20),
(21, 'Yeti Rambler 20oz', 'Durable stainless steel travel mug', 29.99, 500, 20, 21),
(22, 'Coleman Tent', 'Four-person camping tent for outdoor adventures', 129.99, 180, 22, 22),
(23, 'Fitbit Charge 5', 'Fitness tracker with heart rate monitor and GPS', 149.99, 250, 12, 23),
(24, 'Garmin Forerunner 245', 'GPS running watch with advanced fitness tracking', 249.99, 150, 12, 24),
(25, 'Mongoose Mountain Bike', 'Durable mountain bike for off-road cycling', 399.99, 90, 23, 25),
(26, 'Trek Road Bike', 'Lightweight road bike for performance cycling', 799.99, 80, 23, 26),
(27, 'Nike Dri-FIT Shirt', 'Moisture-wicking shirt for workouts', 35.00, 300, 11, 27),
(28, 'Under Armour Joggers', 'Comfortable joggers for exercise or casual wear', 45.00, 250, 11, 28),
(29, 'Patagonia Fleece Jacket', 'Warm jacket for outdoor activities', 129.99, 150, 11, 29),
(30, 'Columbia Hiking Boots', 'Durable boots for hiking and outdoor exploration', 150.00, 100, 22, 30),
(31, 'Mavic Air 2 Drone', 'High-performance drone with 4K video recording', 799.99, 60, 1, 31),
(32, 'GoPro Hero 10', 'Action camera with high-definition video recording', 399.99, 110, 9, 32),
(33, 'Anker PowerCore 20000', 'Portable charger with high capacity', 39.99, 300, 6, 33),
(34, 'Apple Watch Series 7', 'Smartwatch with fitness tracking and notifications', 399.99, 150, 6, 34),
(35, 'Samsung Galaxy Buds Pro', 'Wireless earbuds with noise cancellation', 199.99, 180, 10, 35),
(36, 'Bose SoundLink Revolve', 'Portable Bluetooth speaker with 360-degree sound', 229.99, 120, 10, 36),
(37, 'Nikon Z6 Mirrorless Camera', 'Mirrorless camera with full-frame sensor', 1799.99, 50, 9, 37),
(38, 'Fujifilm X-T4', 'Advanced mirrorless camera with great video quality', 1699.99, 60, 9, 38),
(39, 'Sony WH-1000XM5', 'Over-ear noise-canceling headphones', 349.99, 200, 10, 39),
(40, 'Sonos One Speaker', 'Smart speaker with Alexa and Google Assistant', 199.99, 150, 10, 40),
(41, 'Xiaomi Mi 11', 'Flagship smartphone with powerful specs', 749.99, 80, 6, 41),
(42, 'Oculus Quest 2', 'All-in-one virtual reality headset', 299.99, 100, 1, 42),
(43, 'Sony PlayStation 5', 'Next-gen gaming console with 4K gaming', 499.99, 50, 23, 43),
(44, 'Xbox Series X', 'Powerful gaming console with backward compatibility', 499.99, 60, 23, 44),
(45, 'Harman Kardon Onyx Studio', 'Portable Bluetooth speaker with superior sound', 349.99, 120, 10, 45),
(46, 'Razer Kraken Headset', 'Gaming headset with surround sound', 99.99, 250, 10, 46),
(47, 'Corsair K95 RGB Keyboard', 'Mechanical gaming keyboard with RGB lighting', 199.99, 100, 10, 47),
(48, 'Logitech MX Master 3', 'Wireless mouse with ergonomic design', 99.99, 180, 6, 48),
(49, 'Lenovo Legion Gaming Laptop', 'Powerful gaming laptop with top-tier specs', 1399.99, 50, 7, 49),
(50, 'HP Envy 14', 'High-performance laptop for creative professionals', 1199.99, 70, 7, 50);

INSERT INTO OrderItems (OrderItemID, OrderID, ProductID, Quantity, PriceAtPurchase)
VALUES
(1, 1, 1, 1, 999.99),
(2, 1, 6, 2, 349.99),
(3, 2, 2, 1, 899.99),
(4, 2, 7, 1, 149.99),
(5, 3, 3, 1, 1299.99),
(6, 3, 8, 1, 799.99),
(7, 4, 4, 2, 799.99),
(8, 4, 10, 1, 199.99),
(9, 5, 5, 1, 1199.99),
(10, 5, 11, 1, 349.99),
(11, 6, 12, 2, 349.99),
(12, 6, 15, 1, 229.99),
(13, 7, 16, 3, 119.99),
(14, 7, 17, 1, 229.99),
(15, 8, 18, 1, 129.99),
(16, 8, 19, 2, 799.99),
(17, 9, 20, 2, 99.99),
(18, 9, 21, 1, 29.99),
(19, 10, 22, 1, 129.99),
(20, 10, 23, 1, 149.99),
(21, 11, 24, 1, 1499.99),
(22, 11, 25, 1, 399.99),
(23, 12, 26, 1, 349.99),
(24, 12, 27, 2, 45.00),
(25, 13, 28, 3, 45.00),
(26, 13, 29, 1, 129.99),
(27, 14, 30, 1, 150.00),
(28, 14, 31, 2, 149.99),
(29, 15, 32, 1, 799.99),
(30, 15, 33, 1, 299.99),
(31, 16, 34, 1, 119.99),
(32, 16, 35, 1, 199.99),
(33, 17, 36, 2, 199.99),
(34, 17, 37, 1, 1799.99),
(35, 18, 38, 1, 1699.99),
(36, 18, 39, 2, 349.99),
(37, 19, 40, 1, 199.99),
(38, 19, 41, 1, 749.99),
(39, 20, 42, 2, 299.99),
(40, 20, 43, 1, 499.99),
(41, 21, 44, 1, 299.99),
(42, 21, 45, 1, 229.99),
(43, 22, 46, 1, 199.99),
(44, 22, 47, 2, 99.99),
(45, 23, 48, 1, 99.99),
(46, 23, 49, 1, 1399.99),
(47, 24, 50, 1, 1199.99),
(48, 24, 1, 1, 999.99),
(49, 25, 2, 1, 899.99),
(50, 25, 8, 1, 799.99);

INSERT INTO Cart (CartID, UserID)
VALUES
(1, 1),
(2, 2),
(3, 3),
(4, 4),
(5, 5),
(6, 6),
(7, 7),
(8, 8),
(9, 9),
(10, 10),
(11, 11),
(12, 12),
(13, 13),
(14, 14),
(15, 15),
(16, 16),
(17, 17),
(18, 18),
(19, 19),
(20, 20),
(21, 21),
(22, 22),
(23, 23),
(24, 24),
(25, 25),
(26, 26),
(27, 27),
(28, 28),
(29, 29),
(30, 30),
(31, 31),
(32, 32),
(33, 33),
(34, 34),
(35, 35),
(36, 36),
(37, 37),
(38, 38),
(39, 39),
(40, 40),
(41, 41),
(42, 42),
(43, 43),
(44, 44),
(45, 45),
(46, 46),
(47, 47),
(48, 48),
(49, 49),
(50, 50);

INSERT INTO Reviews (ReviewID, UserID, ProductID, ReviewText, Rating)
VALUES
(1, 1, 1, 'Excellent phone with great camera quality!', 5),
(2, 2, 2, 'Good phone but the battery life could be better.', 4),
(3, 3, 3, 'A great laptop for professionals, highly recommend it.', 5),
(4, 4, 4, 'The picture quality on this TV is amazing, very satisfied.', 5),
(5, 5, 5, 'Great camera, perfect for photography enthusiasts!', 5),
(6, 6, 6, 'Very comfortable headphones with great noise cancellation.', 4),
(7, 7, 7, 'Stylish and comfortable sneakers, highly recommend!', 5),
(8, 8, 8, 'Great running shoes, but a little tight on the fit.', 4),
(9, 9, 9, 'Love these sunglasses, perfect for sunny days!', 5),
(10, 10, 10, 'Nice smartwatch, but the battery could be better.', 4),
(11, 11, 11, 'Great laptop for business use, really happy with the purchase.', 5),
(12, 12, 12, 'Perfect for baking, makes my life so much easier!', 5),
(13, 13, 13, 'The multi-functional cooker is amazing, love the versatility.', 5),
(14, 14, 14, 'Good blender, but a bit noisy during use.', 3),
(15, 15, 15, 'Best air fryer I’ve used, easy to clean and cooks fast!', 5),
(16, 16, 16, 'Great vacuum, does the job very well!', 4),
(17, 17, 17, 'Love this vacuum, works wonders on carpets and hard floors!', 5),
(18, 18, 18, 'Very comfortable mattress, helps with my back pain.', 5),
(19, 19, 19, 'Excellent mattress, but a bit expensive.', 4),
(20, 20, 20, 'The air purifier works great, feels like I’m breathing cleaner air.', 5),
(21, 21, 21, 'Good travel mug, keeps my drink warm for hours.', 4),
(22, 22, 22, 'Very spacious tent, perfect for camping with friends.', 5),
(23, 23, 23, 'Fitness tracker is great, but the GPS is not always accurate.', 4),
(24, 24, 24, 'Great GPS watch, accurate and useful for running.', 5),
(25, 25, 25, 'The bike is sturdy and perfect for off-road adventures.', 5),
(26, 26, 26, 'Love this road bike, smooth and easy to ride.', 5),
(27, 27, 27, 'Comfortable shirt, perfect for working out or casual wear.', 4),
(28, 28, 28, 'Great joggers for lounging or running.', 4),
(29, 29, 29, 'Warm and cozy jacket, great for outdoor activities.', 5),
(30, 30, 30, 'These boots are durable and very comfortable for hiking.', 5),
(31, 31, 31, 'The drone is fantastic, very stable and easy to fly.', 5),
(32, 32, 32, 'Great action camera, perfect for outdoor adventures.', 5),
(33, 33, 33, 'Portable charger works great, never run out of battery now!', 5),
(34, 34, 34, 'Love this smartwatch, keeps me connected at all times.', 5),
(35, 35, 35, 'The earbuds are excellent, sound quality is top-notch.', 5),
(36, 36, 36, 'This speaker is loud and clear, perfect for parties!', 5),
(37, 37, 37, 'Great mirrorless camera, takes amazing photos and videos.', 5),
(38, 38, 38, 'Nice camera, but a bit heavy for carrying around all day.', 4),
(39, 39, 39, 'These headphones are comfortable and have excellent sound quality.', 5),
(40, 40, 40, 'The speaker is great, but the battery drains too quickly.', 3),
(41, 41, 41, 'Great phone, but the screen is a bit fragile.', 4),
(42, 42, 42, 'Great virtual reality experience, very immersive!', 5),
(43, 43, 43, 'The PlayStation 5 is incredible, amazing graphics and fast loading times.', 5),
(44, 44, 44, 'Great gaming console, but hard to find due to high demand.', 4),
(45, 45, 45, 'Excellent Bluetooth speaker, delivers high-quality sound.', 5),
(46, 46, 46, 'Gaming headset is very comfortable, perfect for long sessions.', 5),
(47, 47, 47, 'Love this mechanical keyboard, great for gaming.', 5),
(48, 48, 48, 'Comfortable mouse, very responsive and ergonomic.', 5),
(49, 49, 49, 'Great gaming laptop, perfect for high-end games.', 5),
(50, 50, 50, 'Nice laptop for creative professionals, very responsive.', 4);


INSERT INTO CartItems (CartItemID, CartID, ProductID, Quantity)
VALUES
(1, 1, 1, 2),
(2, 1, 2, 1),
(3, 2, 3, 1),
(4, 2, 4, 3),
(5, 3, 5, 2),
(6, 3, 6, 1),
(7, 4, 7, 4),
(8, 4, 8, 1),
(9, 5, 9, 3),
(10, 5, 10, 2),
(11, 6, 11, 1),
(12, 6, 12, 2),
(13, 7, 13, 1),
(14, 7, 14, 3),
(15, 8, 15, 2),
(16, 8, 16, 4),
(17, 9, 17, 1),
(18, 9, 18, 2),
(19, 10, 19, 3),
(20, 10, 20, 1),
(21, 11, 21, 2),
(22, 11, 22, 1),
(23, 12, 23, 4),
(24, 12, 24, 1),
(25, 13, 25, 2),
(26, 13, 26, 3),
(27, 14, 27, 1),
(28, 14, 28, 2),
(29, 15, 29, 4),
(30, 15, 30, 1),
(31, 16, 31, 3),
(32, 16, 32, 2),
(33, 17, 33, 1),
(34, 17, 34, 4),
(35, 18, 35, 2),
(36, 18, 36, 1),
(37, 19, 37, 3),
(38, 19, 38, 1),
(39, 20, 39, 2),
(40, 20, 40, 3),
(41, 21, 41, 1),
(42, 21, 42, 4),
(43, 22, 43, 2),
(44, 22, 44, 1),
(45, 23, 45, 3),
(46, 23, 46, 2),
(47, 24, 47, 4),
(48, 24, 48, 1),
(49, 25, 49, 2),
(50, 25, 50, 3);


INSERT INTO WishLists (WishListID, UserID)
VALUES
(1, 1),
(2, 2),
(3, 3),
(4, 4),
(5, 5),
(6, 6),
(7, 7),
(8, 8),
(9, 9),
(10, 10),
(11, 11),
(12, 12),
(13, 13),
(14, 14),
(15, 15),
(16, 16),
(17, 17),
(18, 18),
(19, 19),
(20, 20),
(21, 21),
(22, 22),
(23, 23),
(24, 24),
(25, 25),
(26, 26),
(27, 27),
(28, 28),
(29, 29),
(30, 30),
(31, 31),
(32, 32),
(33, 33),
(34, 34),
(35, 35),
(36, 36),
(37, 37),
(38, 38),
(39, 39),
(40, 40),
(41, 41),
(42, 42),
(43, 43),
(44, 44),
(45, 45),
(46, 46),
(47, 47),
(48, 48),
(49, 49),
(50, 50);

INSERT INTO WishListItems (WishListItemsID, WishListID, ProductID)
VALUES
(1, 1, 1),
(2, 1, 2),
(3, 2, 3),
(4, 2, 4),
(5, 3, 5),
(6, 3, 6),
(7, 4, 7),
(8, 4, 8),
(9, 5, 9),
(10, 5, 10),
(11, 6, 11),
(12, 6, 12),
(13, 7, 13),
(14, 7, 14),
(15, 8, 15),
(16, 8, 16),
(17, 9, 17),
(18, 9, 18),
(19, 10, 19),
(20, 10, 20),
(21, 11, 21),
(22, 11, 22),
(23, 12, 23),
(24, 12, 24),
(25, 13, 25),
(26, 13, 26),
(27, 14, 27),
(28, 14, 28),
(29, 15, 29),
(30, 15, 30),
(31, 16, 31),
(32, 16, 32),
(33, 17, 33),
(34, 17, 34),
(35, 18, 35),
(36, 18, 36),
(37, 19, 37),
(38, 19, 38),
(39, 20, 39),
(40, 20, 40),
(41, 21, 41),
(42, 21, 42),
(43, 22, 43),
(44, 22, 44),
(45, 23, 45),
(46, 23, 46),
(47, 24, 47),
(48, 24, 48),
(49, 25, 49),
(50, 25, 50);


SELECT * FROM Users;
SELECT * FROM AdminLogs;
SELECT * FROM Orders;
SELECT * FROM Shipment;
SELECT * FROM Payments;
SELECT * FROM Categories;
SELECT * FROM Sellers;
SELECT * FROM Products;
SELECT * FROM OrderItems;
SELECT * FROM Cart;
SELECT * FROM Reviews;
SELECT * FROM CartItems;
SELECT * FROM WishLists;
SELECT * FROM WishListItems;
